{
  "project_info": {
    "project_number": "1441705852",
    "project_id": "altezachen3-41789",
    "storage_bucket": "altezachen3-41789.appspot.com"
  },
  "client": [
    {
      "client_info": {
        "mobilesdk_app_id": "1:1441705852:android:3bd2bdcde10825b559bef9",
        "android_client_info": {
          "package_name": "com.example.altezachen3"
        }
      },
      "oauth_client": [
        {
          "client_id": "1441705852-ncndn5a2qs38gmivdvgggro3v59o6du2.apps.googleusercontent.com",
          "client_type": 3
        }
      ],
      "api_key": [
        {
          "current_key": "AIzaSyCG7izHaf6_jRqZ9BrC4eiM5ST2S0-IWQs"
        }
      ],
      "services": {
        "appinvite_service": {
          "other_platform_oauth_client": [
            {
              "client_id": "1441705852-ncndn5a2qs38gmivdvgggro3v59o6du2.apps.googleusercontent.com",
              "client_type": 3
            }
          ]
        }
      }
    }
  ],
  "configuration_version": "1"
}